[
  {
    "id": "5089bc3d-db95-4c96-ad46-b992162ee48a",
    "data": [
      {
        "text": "Certifications",
        "userDefined": false
      }
    ],
    "isTemplate": false,
    "count": 0,
    "lang": "en",
    "updated": 0
  },
  {
    "id": "b2a4a70e-daac-4792-a25f-cd30fe601b4a",
    "data": [
      {
        "text": "what formal certifications does Vincent have",
        "userDefined": false
      }
    ],
    "isTemplate": false,
    "count": 0,
    "lang": "en",
    "updated": 0
  },
  {
    "id": "8f9613ff-de2a-44e9-b15a-22bc142b5f39",
    "data": [
      {
        "text": "How many certifications does Vincent have",
        "userDefined": false
      }
    ],
    "isTemplate": false,
    "count": 0,
    "lang": "en",
    "updated": 0
  },
  {
    "id": "7212ad5c-a186-435e-8a59-fcbcf74ae9ff",
    "data": [
      {
        "text": "Are there certifications Vincent has",
        "userDefined": false
      }
    ],
    "isTemplate": false,
    "count": 0,
    "lang": "en",
    "updated": 0
  },
  {
    "id": "2465525a-88e6-4c04-857d-63f87c27ff9b",
    "data": [
      {
        "text": "What certifications has Vincent completed",
        "userDefined": false
      }
    ],
    "isTemplate": false,
    "count": 0,
    "lang": "en",
    "updated": 0
  },
  {
    "id": "21eb615d-8a3f-427f-a2f8-d72e3a8d6af4",
    "data": [
      {
        "text": "Any certifications",
        "userDefined": false
      }
    ],
    "isTemplate": false,
    "count": 0,
    "lang": "en",
    "updated": 0
  }
]